OBJECTID,CT20,LABEL,Shape__Area,Shape__Length
1,101110,1011.10,1676518.62890625,5565.41134050116
2,101122,1011.22,3881000.54296875,11695.3042767108
3,101220,1012.20,1025452.0859375,4688.6071469117
4,101221,1012.21,519705.703125,3378.8243265165
5,101222,1012.22,435061.8671875,3685.23331215193
6,101300,1013.00,3785756.421875,10853.3434217305
7,101400,1014.00,9256640.5078125,15739.5942226874
8,102103,1021.03,1739800.41015625,6028.75135516493
9,102104,1021.04,2431473.0234375,10170.1058255023
10,102105,1021.05,722290.4765625,3676.68301168015
11,102107,1021.07,18955558.6835938,23492.9508504225
12,103101,1031.01,2979791.75,9383.13579724512
13,103102,1031.02,1821420.578125,6100.16291211683
14,103201,1032.01,2869150.49609375,6731.00082901264
15,103202,1032.02,6956276.82421875,16867.3964247581
16,103300,1033.00,9013128.0625,13780.5549841838
17,103401,1034.01,2056696.62109375,7552.81496509121
18,103402,1034.02,1612863.56640625,5406.01163322593
19,104103,1041.03,1393597.65625,4886.68442481303
20,104105,1041.05,858384.08984375,4298.39651732659
21,104108,1041.08,1609878.3046875,7002.32712860498
22,104124,1041.24,2265165.390625,10366.304338375
23,104201,1042.01,1600760.69921875,5471.06022509743
24,104203,1042.03,1039483.90234375,4082.25037214934
25,104204,1042.04,3756942.36328125,11360.5030799522
26,104310,1043.10,2214848.94140625,7054.24636603786
27,104321,1043.21,763132.171875,3929.58398383563
28,104322,1043.22,1016349.70703125,5394.84585787781
29,104401,1044.01,999745.44140625,4589.25134630527
30,104403,1044.03,1017108.2734375,5936.15835835494
31,104404,1044.04,791998.23046875,4037.76168906612
32,104500,1045.00,779197.6875,4173.33528533746
33,104610,1046.10,869006.80078125,4283.90744111169
34,104620,1046.20,779486.57421875,4173.36868581829
35,104701,1047.01,808058.4921875,4097.84094867239
36,104703,1047.03,1714278.6640625,5648.18476844985
37,104704,1047.04,2440883.1328125,6250.26395978759
38,104821,1048.21,780206.03125,4173.47143952739
39,104822,1048.22,886628.65234375,5084.59911251239
40,104823,1048.23,779562.77734375,4173.06233833138
41,104824,1048.24,868662.84375,4283.61054888088
42,106010,1060.10,3700720.67578125,8854.71838924946
43,106020,1060.20,2965651.3671875,8581.86137999034
44,106111,1061.11,4094748.37890625,10353.0133619297
45,106112,1061.12,4742940.09765625,18393.7725906537
46,106113,1061.13,2120675.984375,7326.53161942314
47,106114,1061.14,1489947,6367.53140827074
48,106403,1064.03,1624344.2109375,5283.48354798437
49,106405,1064.05,1721808.48828125,5354.96236345279
50,106406,1064.06,2959617.546875,7807.68513040117
51,106407,1064.07,341078.7421875,2348.34134715495
52,106408,1064.08,336598.67578125,2326.25987289594
53,106510,1065.10,8510442.5546875,13672.9730069765
54,106520,1065.20,3240995.08984375,7307.77014550156
55,106603,1066.03,15165626.6445313,17896.6964408489
56,106604,1066.04,3849639.1328125,9724.94170490192
57,106641,1066.41,1667911.48046875,7051.5825916594
58,106642,1066.42,2316654.265625,7528.67662657802
59,106643,1066.43,6372077.1875,12117.3279126579
60,106645,1066.45,3712567.953125,11169.1681052669
61,106646,1066.46,2167441.5546875,8662.07658625146
62,106648,1066.48,1164566.25390625,5043.78621755724
63,106649,1066.49,1633997.8203125,7669.60875584556
64,107010,1070.10,1005791.76171875,4792.95987470886
65,107020,1070.20,1458131.11328125,5421.63976761127
66,108101,1081.01,1657090.828125,5417.49537991932
67,108102,1081.02,3206419.7109375,7003.11183486028
68,108103,1081.03,3766536.4765625,13531.7974507665
69,108104,1081.04,1213202.00390625,5450.29031584832
70,108202,1082.02,8778789.4609375,13261.971469189
71,108203,1082.03,2015602.109375,6166.25098949835
72,108204,1082.04,2103618.80078125,8255.66432645041
73,109100,1091.00,3972685.0234375,9730.88963412501
74,109200,1092.00,1493036.90234375,5919.8586350875
75,109300,1093.00,1810110.86328125,6460.00683967594
76,109400,1094.00,1894762.75390625,6477.39003673291
77,109500,1095.00,1753367.078125,7615.53684449026
78,109601,1096.01,3298812.7265625,7417.19145613222
79,109603,1096.03,1465720.2578125,4954.25342645453
80,109604,1096.04,1724265.8671875,5300.09542752788
81,109700,1097.00,2328919.53125,6623.21145711162
82,109800,1098.00,2053411.6484375,6116.7538654802
83,111100,1111.00,1554810.8203125,5005.30560988517
84,111201,1112.01,2808145.1953125,9293.31713759791
85,111202,1112.02,2740025.453125,7658.18018338638
86,111204,1112.04,4859741.2421875,9582.18296968593
87,111205,1112.05,1700728.14453125,5430.26025563968
88,111206,1112.06,3849719.17578125,8909.01787045485
89,111302,1113.02,2278502.1875,6582.45294046421
90,111303,1113.03,2295185.484375,6688.55021804077
91,111304,1113.04,641984.92578125,3241.41694248318
92,111401,1114.01,1233747.50390625,4560.9786005041
93,111402,1114.02,1425378.04296875,4884.1923921434
94,113101,1131.01,3328750.19140625,7909.01200118696
95,113102,1131.02,5387911.90625,9191.43954794943
96,113211,1132.11,10690928.1445313,13997.016210592
97,113212,1132.12,1465455.015625,5241.95782330175
98,113213,1132.13,1908790.2578125,6217.20862834556
99,113231,1132.31,2661237.6484375,12067.6300726251
100,113232,1132.32,3029260.28125,8711.53966857868
101,113234,1132.34,1499999.37109375,6202.15455208703
102,113235,1132.35,10766.06640625,3391.01856623781
103,113237,1132.37,6964306.19140625,13460.0157284442
104,113238,1132.38,1040623.48046875,4015.14462662707
105,113239,1132.39,636869.4453125,3600.46920001841
106,113301,1133.01,3307116.85546875,8362.75987608172
107,113303,1133.03,6008574.46875,11459.342315538
108,113322,1133.22,2621868.60546875,7432.04769847212
109,113323,1133.23,1062238.40625,4069.91122878531
110,113324,1133.24,476093.93359375,2929.70417057713
111,113423,1134.23,1042076.01953125,4088.28633749729
112,113424,1134.24,2553313.96875,7625.09749132089
113,113425,1134.25,497605.03125,2946.98335940048
114,113426,1134.26,2736770.875,7888.09752018202
115,113427,1134.27,380146.09765625,3335.99294746937
116,113428,1134.28,1862946.96875,5593.58199762509
117,115101,1151.01,5694863.98828125,9751.34080513706
118,115103,1151.03,2227868.59375,8224.96143760636
119,115104,1151.04,1496382.55078125,7504.97830100332
120,115202,1152.02,2553969.9453125,6921.24928151626
121,115203,1152.03,887239.01953125,4869.05853910039
122,115204,1152.04,1130710.3671875,4765.56506645373
123,115301,1153.01,2407621.37109375,8079.93713271266
124,115302,1153.02,1228562.46875,4640.02761683896
125,115401,1154.01,2793631.48046875,7533.95515755979
126,115403,1154.03,1031927.60546875,4102.22457363129
127,115404,1154.04,1397905.7734375,4803.56496850392
128,117101,1171.01,1143387.90625,4318.49629490784
129,117102,1171.02,1523935.24609375,5065.19820391552
130,117201,1172.01,1161322.48046875,5058.28965612655
131,117202,1172.02,2660896.17578125,6681.57478311338
132,117301,1173.01,1953829.9609375,5977.9904091764
133,117302,1173.02,3009616.90625,9682.60275158365
134,117303,1173.03,2640497.59765625,6686.15709938084
135,117404,1174.04,2589275.89453125,6536.2746182451
136,117405,1174.05,296020.5859375,2193.375534989
137,117407,1174.07,290853.37109375,2175.00687504174
138,117408,1174.08,552096.453125,3045.49446376313
139,117510,1175.10,491493.01953125,3017.47838152654
140,117520,1175.20,477671.21875,2866.9509308185
141,117530,1175.30,816580.3671875,3672.77792676545
142,119001,1190.01,1573995.25,5154.60602076437
143,119003,1190.03,1249654.6953125,4756.06635982406
144,119004,1190.04,1246184.41015625,4777.64306574051
145,119201,1192.01,1396917.25390625,4781.39049676786
146,119202,1192.02,1422960.81640625,6229.87892657976
147,119310,1193.10,629070.77734375,3710.11013693725
148,119320,1193.20,728458.99609375,3453.44486126483
149,119340,1193.40,179150.21484375,1710.52743485432
150,119341,1193.41,478706.22265625,3083.98969952508
151,119342,1193.42,321394.3046875,2252.7054512229
152,119400,1194.00,1645182.81640625,5229.32396133606
153,119700,1197.00,1921260.58203125,7506.86261884882
154,119801,1198.01,898083.1015625,4425.27383733115
155,119802,1198.02,923605.20703125,4547.96781608063
156,119900,1199.00,1543004.7734375,5409.28319625753
157,120010,1200.10,829231.58984375,3778.02584507495
158,120020,1200.20,781534.2734375,4496.16052456556
159,120030,1200.30,553722.58203125,2990.43490305167
160,120103,1201.03,203069.828125,2081.73954302739
161,120104,1201.04,665543.54296875,3755.10824203313
162,120105,1201.05,807956.42578125,5816.47882871848
163,120106,1201.06,302482.9765625,2240.2013596017
164,120107,1201.07,303959.984375,2241.48163479649
165,120108,1201.08,567469.66796875,3120.67886614982
166,120300,1203.00,2519582.43359375,6837.64583351238
167,120400,1204.00,1562645.8046875,6407.81056033705
168,121010,1210.10,2990422.5703125,7199.37753623872
169,121020,1210.20,1208685.83203125,4845.80104665963
170,121101,1211.01,692475.2265625,3959.89577283855
171,121102,1211.02,11060635.6132813,13896.8744598317
172,121210,1212.10,2973416.24609375,6780.91592530024
173,121221,1212.21,739476.84765625,4077.71447484083
174,121222,1212.22,1957778.25,6717.07273320788
175,121600,1216.00,1670355.73828125,6038.28079636027
176,121801,1218.01,711960.6015625,3897.21655391596
177,121802,1218.02,1393863.234375,5508.6664814033
178,121900,1219.00,2474094.55859375,7420.93553983504
179,122000,1220.00,4783404.9140625,11267.5116980845
180,122120,1221.20,1055163.65625,4927.90881702944
181,122121,1221.21,603923.6953125,4426.43756033894
182,122122,1221.22,1514058.66796875,5656.02948198329
183,122200,1222.00,2498471.24609375,7173.44403737371
184,122410,1224.10,1036201.76171875,4103.15669931407
185,122420,1224.20,1264427.6328125,4572.55391915541
186,123010,1230.10,1488802.609375,5034.67570101763
187,123020,1230.20,829020.9765625,3643.78709150798
188,123103,1231.03,1322015.1796875,4952.58469070746
189,123104,1231.04,1145104.55078125,4255.24218193546
190,123203,1232.03,861056.0390625,4708.68315884941
191,123204,1232.04,475054.453125,2926.71117349118
192,123205,1232.05,1110303.63671875,4256.1538716741
193,123206,1232.06,883332.00390625,3789.11278685447
194,123301,1233.01,1910261.546875,6532.01314250588
195,123303,1233.03,928192.5625,4814.27317780085
196,123304,1233.04,1288182.359375,4957.76943845821
197,123410,1234.10,728482.76953125,3506.378835955
198,123420,1234.20,1152750.36328125,5438.72508973029
199,123510,1235.10,1170003.16796875,4530.1438741622
200,123520,1235.20,748427.0234375,4606.2880835373
201,123601,1236.01,2244634.78515625,6757.8147570891
202,123602,1236.02,1359008.74609375,5238.36126317812
203,123700,1237.00,1395176.5546875,4836.78876929333
204,123800,1238.00,1889634.7109375,6444.09266479379
205,123901,1239.01,1891589.52734375,5545.04918447332
206,123902,1239.02,973134.51171875,4315.58657118431
207,124000,1240.00,1976781.70703125,6155.17531927906
208,124102,1241.02,950873.79296875,3900.29300566837
209,124103,1241.03,474619.23828125,2920.53854074984
210,124104,1241.04,475299.69921875,2922.31100006191
211,124105,1241.05,475401.29296875,2922.8900435244
212,124201,1242.01,1424823.5625,4875.67620793329
213,124203,1242.03,474939.30078125,2922.05257478572
214,124204,1242.04,475041.390625,2921.24448971267
215,124300,1243.00,1305002.14453125,4631.8076477509
216,124400,1244.00,1428867.56640625,4869.71468719181
217,124500,1245.00,1183221.40625,5184.92241165907
218,124600,1246.00,1639929.74609375,5274.2022430024
219,124700,1247.00,1994142.578125,6584.05886458922
220,124902,1249.02,495846.05078125,2971.83405051346
221,124903,1249.03,455999.7109375,2879.17980523497
222,125101,1251.01,951544.57421875,3901.6328263752
223,125102,1251.02,950081.578125,3898.81743921301
224,125200,1252.00,1909052.2109375,5854.57679290418
225,125310,1253.10,1543498.6015625,7093.41333584081
226,125321,1253.21,379656.44140625,2537.25897651411
227,125322,1253.22,546508.89453125,3266.2609668696
228,125402,1254.02,1073073.66015625,4162.27422961816
229,125403,1254.03,246472.87109375,2226.22342505972
230,125404,1254.04,335961.15625,3170.15633051164
231,125501,1255.01,679524.19140625,3402.30897547157
232,125502,1255.02,765542.8671875,3548.85613040304
233,125600,1256.00,1496642.71875,5446.77216912749
234,127102,1271.02,1259425.828125,4540.47553364792
235,127103,1271.03,419241.1484375,2784.63151603726
236,127104,1271.04,1037402.93359375,4159.67498807831
237,127210,1272.10,2259349.25,7256.47018191858
238,127220,1272.20,956970.8984375,3910.82791933911
239,127300,1273.00,1552619.44140625,5562.35557550916
240,127400,1274.00,3197980.54296875,9274.76103321647
241,127520,1275.20,533254.33984375,2948.41904089605
242,127603,1276.03,632154.1328125,3584.93525426342
243,127604,1276.04,636802.1875,3639.81713049681
244,127605,1276.05,950329.81640625,3899.34305616194
245,127606,1276.06,796623.515625,3591.63996405301
246,127711,1277.11,1388379.37109375,5000.71294648106
247,127712,1277.12,835293.40234375,3625.4959280011
248,127803,1278.03,939083.31640625,3882.36076782856
249,127804,1278.04,935122.625,3868.21524019293
250,127805,1278.05,900387.6796875,4865.35518271846
251,127806,1278.06,1000894.375,4968.58115911217
252,127910,1279.10,952197.91796875,3904.00594148675
253,127920,1279.20,950628.6015625,3899.89140006381
254,128101,1281.01,950732.4453125,3900.12677553945
255,128102,1281.02,950606.48046875,3900.10355807957
256,128210,1282.10,805645.48046875,3601.65912743358
257,128220,1282.20,813900.4609375,3703.63668577117
258,128302,1283.02,1009157.10546875,4585.62841145798
259,128303,1283.03,606389.57421875,3602.17225522295
260,128400,1284.00,2527914.24609375,8322.7373363794
261,128500,1285.00,1426087.6171875,4880.33339934549
262,128601,1286.01,998768.23828125,5099.71093392976
263,128602,1286.02,1661249.734375,5362.01590094671
264,128703,1287.03,1212115.15234375,4338.23664555591
265,128704,1287.04,1219556.12109375,4465.50455172202
266,128801,1288.01,720656.56640625,3490.80808929377
267,128802,1288.02,1422180.125,4875.4889635554
268,128910,1289.10,1957255.41796875,6412.94357801524
269,131021,1310.21,824599.55078125,3918.54642642499
270,131022,1310.22,739148.89453125,3711.20113582355
271,131023,1310.23,863301.3671875,3725.8812309014
272,131024,1310.24,1254241.31640625,4536.41640605878
273,131100,1311.00,1615275.84375,5236.03757218785
274,131200,1312.00,1654264.0859375,5347.69864428145
275,131300,1313.00,1638997.87109375,5316.33900024183
276,131400,1314.00,1623060.21875,5283.41222312965
277,131600,1316.00,3211794.1328125,7171.68799418127
278,131701,1317.01,966842.65625,3933.2474881447
279,131702,1317.02,1056890.484375,4116.09297250714
280,131801,1318.01,961940.3984375,3924.22495521558
281,131802,1318.02,966249.8046875,3932.25220585521
282,131900,1319.00,1932046.23828125,5875.75935831705
283,132001,1320.01,1419282.921875,4863.96923203994
284,132002,1320.02,2344816.8046875,7765.32806527971
285,132101,1321.01,1187540.69921875,4384.95993452276
286,132102,1321.02,2009767.52734375,6973.08094608562
287,132301,1323.01,924704.65625,4844.38509131315
288,132302,1323.02,948959.44921875,4863.72835109338
289,132501,1325.01,1032814.94140625,4061.41960997285
290,132502,1325.02,915446.44140625,4047.61482429545
291,132700,1327.00,1935971.984375,5785.96589328822
292,132900,1329.00,1749254.87109375,6708.69429034967
293,133000,1330.00,1468597.91015625,5227.33834343584
294,133101,1331.01,972467.9296875,4050.08025150575
295,133102,1331.02,1254324.046875,4451.38781286596
296,134001,1340.01,855151.8359375,4485.77583229637
297,134002,1340.02,1104341.23046875,5032.55710472927
298,134101,1341.01,1562425.5078125,5157.20962777239
299,134103,1341.03,1540138.796875,6434.4764676836
300,134104,1341.04,949875.19140625,3898.09498082163
301,134201,1342.01,2150202.7578125,6072.93465205451
302,134302,1343.02,1915851.97265625,5632.50265265174
303,134303,1343.03,2322927.53125,6358.64904484573
304,134304,1343.04,1495934.703125,5011.3535508481
305,134305,1343.05,524244.73828125,2986.87731091718
306,134306,1343.06,908606.3203125,3815.39248932086
307,134421,1344.21,3128335.73046875,7127.56772797065
308,134422,1344.22,3441549.9609375,9417.4086780749
309,134423,1344.23,2297243.34375,6797.67185668427
310,134424,1344.24,3592551.20703125,11053.6993393564
311,134520,1345.20,1417378.3359375,4854.53327429392
312,134521,1345.21,515595.7578125,3023.03528340774
313,134522,1345.22,901803.37109375,3792.2788339979
314,134710,1347.10,836342.44140625,3670.48273135686
315,134720,1347.20,1450310.01953125,4906.24224502162
316,134801,1348.01,1354338.9453125,4802.42214687179
317,134802,1348.02,1392349.94140625,4756.77085254043
318,134901,1349.01,1555911.02734375,5597.43823267198
319,134904,1349.04,1523442.74609375,5781.87384167002
320,134905,1349.05,3789348.36328125,8133.9453727277
321,134906,1349.06,256104.95703125,2705.98925586426
322,134907,1349.07,573611.69140625,3468.85976416205
323,135102,1351.02,2444460.48828125,6999.78857159551
324,135111,1351.11,1523389.27734375,4965.28189901471
325,135113,1351.13,942750.578125,4819.15154217328
326,135115,1351.15,488601.99609375,3014.3465759158
327,135116,1351.16,1372012.234375,4807.67438155647
328,135201,1352.01,2244218.109375,6867.44449569239
329,135202,1352.02,2582388.5234375,6577.71282650643
330,135204,1352.04,2721484.7890625,6915.03392191355
331,135205,1352.05,3031714.6328125,12020.5722989585
332,137000,1370.00,4408342.81640625,12021.7800846113
333,137103,1371.03,1112689.80078125,4346.07615017918
334,137104,1371.04,3756305.13671875,8627.12522015824
335,137202,1372.02,1274232.6875,4798.43607393837
336,137203,1372.03,1646388.30859375,5356.3916364569
337,137301,1373.01,2357668.8359375,7469.35834840815
338,137302,1373.02,3583797.7578125,9244.37588812315
339,137401,1374.01,3480914.84765625,9732.76698421075
340,137402,1374.02,4506849.078125,11385.0697071311
341,137501,1375.01,3681809.64453125,8932.12077305118
342,137502,1375.02,3060563.7109375,7101.79862865869
343,137504,1375.04,5616957.1171875,12131.375371123
344,138000,1380.00,6545948.58984375,11522.5242079801
345,139001,1390.01,1815847.5546875,6538.67827830322
346,139200,1392.00,1687312.1640625,5170.05405302175
347,139301,1393.01,4197422.62890625,9918.89209835792
348,139302,1393.02,495484.2734375,2938.53696216156
349,139303,1393.03,608674.04296875,3337.14032127419
350,139401,1394.01,1328630.44140625,4694.12697062198
351,139402,1394.02,3578783.01953125,10539.6098731925
352,139502,1395.02,1533837.28515625,6256.07866378826
353,139504,1395.04,423295.78125,2991.88698571362
354,139505,1395.05,247805.54296875,2455.58156402746
355,139506,1395.06,267250.11328125,2320.47067935518
356,139600,1396.00,3627658.265625,7658.02347451847
357,139701,1397.01,4975925.94140625,12154.9865309603
358,139703,1397.03,6921127.66015625,15267.2133666025
359,139704,1397.04,9294810.5234375,16196.6233898015
360,139705,1397.05,4453957.7421875,14227.9934279494
361,139801,1398.01,5367638.45703125,10247.0306665718
362,139802,1398.02,8892691.3046875,17331.6359743868
363,141101,1411.01,1111220.59375,4326.57924665425
364,141102,1411.02,1140113.234375,5653.88088632262
365,141201,1412.01,1026241.16796875,4466.15053887664
366,141202,1412.02,1024825.703125,4665.7481722051
367,141303,1413.03,384662.01953125,2618.77882175992
368,141304,1413.04,1042572.484375,5215.8922431397
369,141305,1413.05,1011915.30078125,4209.31445384401
370,141306,1413.06,876978.91015625,4590.01357724382
371,141400,1414.00,2902270.9375,7170.3962775043
372,141500,1415.00,4793020.2421875,11592.1421303742
373,141600,1416.00,5714970.94140625,13819.811603136
374,141700,1417.00,4747283.265625,11798.0477348535
375,143101,1431.01,2002759.07421875,6813.2172874652
376,143102,1431.02,572635.57421875,3200.08987166423
377,143200,1432.00,1400949.4765625,5182.11925466161
378,143301,1433.01,849609.5703125,4833.26522417243
379,143302,1433.02,1517445.79296875,5909.38953843431
380,143401,1434.01,1623658.453125,5520.16233287177
381,143402,1434.02,948879.0078125,3902.68045865976
382,143500,1435.00,1812325.08203125,6962.84473318483
383,143602,1436.02,1785567.6875,6144.47582515513
384,143603,1436.03,769059.80078125,4970.5400489069
385,143605,1436.05,481949.84765625,3038.78606542284
386,143606,1436.06,356137.734375,4541.31361422058
387,143700,1437.00,4806235.2265625,13787.6444591843
388,143801,1438.01,2094595.24609375,7897.91456118776
389,143802,1438.02,1704254.765625,11615.8918276973
390,143901,1439.01,7745374.9453125,15503.9303128904
391,143902,1439.02,3697795.796875,12625.4924668014
392,181000,1810.00,6054295.87890625,13920.7379732346
393,181300,1813.00,2108285.2109375,7896.36709346758
394,181400,1814.00,1286522.70703125,5315.10478286824
395,181500,1815.00,1601291.43359375,6595.39409674321
396,181600,1816.00,1828892.765625,6616.75340855529
397,183101,1831.01,1415937.19140625,6283.49817715189
398,183103,1831.03,961698.30859375,7263.55460161182
399,183104,1831.04,975304.82421875,5929.32753171852
400,183220,1832.20,782907.87109375,4907.7701318877
401,183221,1832.21,1033931.21875,4729.55114137552
402,183222,1832.22,1358716.1640625,6229.03308056125
403,183300,1833.00,791809.51953125,3784.3358819274
404,183401,1834.01,709943.79296875,3864.19637608565
405,183402,1834.02,751156.6015625,4138.82436401828
406,183510,1835.10,731936.7265625,3853.1913702378
407,183520,1835.20,625490.921875,3382.65557358148
408,183610,1836.10,553778.46484375,3617.14045816014
409,183620,1836.20,756837.76953125,3481.86151291593
410,183701,1837.01,805591.41796875,4619.61320531949
411,183702,1837.02,1304948.85546875,6308.21811289891
412,183810,1838.10,665251.75,3792.21286936302
413,183820,1838.20,451309.48046875,3864.88163447114
414,185101,1851.01,1191799.68359375,6879.85997985604
415,185102,1851.02,2139205.796875,10202.1537661876
416,185202,1852.02,1762650.88671875,6417.94009496183
417,185203,1852.03,801363.078125,4403.72031807517
418,185204,1852.04,1408990.63671875,6398.25740833846
419,185310,1853.10,615533.9296875,4482.88979763661
420,185320,1853.20,812924.46875,4696.78218469826
421,186100,1861.00,1970754,8100.52606145443
422,186201,1862.01,763603.38671875,4462.5900146279
423,186202,1862.02,597176.96875,4073.19260805966
424,186203,1862.03,1232505.87890625,5833.18990872267
425,186301,1863.01,1697606.01171875,6600.5446169024
426,186302,1863.02,2464676.68359375,6602.06202393672
427,186401,1864.01,1409287.65625,6595.1270822239
428,186403,1864.03,797974.1328125,4424.00816027279
429,186404,1864.04,586592.6875,3270.85680802543
430,187101,1871.01,1152704.859375,4760.38593585207
431,187102,1871.02,3203210.57421875,14151.6630010747
432,187200,1872.00,1391022.7734375,5734.67123164567
433,187300,1873.00,1708977.41796875,7175.7989695799
434,188100,1881.00,3084899.7421875,9585.05336321772
435,188201,1882.01,1135186.0546875,6276.72507510077
436,188202,1882.02,1111189.10546875,4344.90483423014
437,188300,1883.00,1349911.86328125,4679.55582096775
438,189101,1891.01,577917.23828125,3043.45267915032
439,189102,1891.02,918777.29296875,4485.2154921927
440,189201,1892.01,476233.96875,2928.19720614682
441,189202,1892.02,1513055.32421875,6406.23492100814
442,189300,1893.00,2778587.36328125,9511.71291035477
443,189400,1894.00,2116331.08984375,10780.1148265641
444,189501,1895.01,501518.78125,3429.47149559195
445,189502,1895.02,364552.61328125,2691.12450383744
446,189600,1896.00,1565749.53125,7442.85592712146
447,189702,1897.02,2133158.078125,8527.75357793678
448,189703,1897.03,4950927.22265625,15991.7935234862
449,189704,1897.04,1424369.89453125,9544.74451857118
450,189801,1898.01,596319.5546875,3706.13577555389
451,189802,1898.02,461118.453125,2881.74056700638
452,189903,1899.03,122772.8359375,1528.00428679379
453,189904,1899.04,233341.578125,1946.67947773936
454,189905,1899.05,377750.29296875,2572.06098663779
455,189906,1899.06,287481.82421875,2161.8456866639
456,189907,1899.07,230457.5703125,1925.91870459184
457,190101,1901.01,328060.7890625,2516.70834759421
458,190102,1901.02,549167.91015625,3230.44716081485
459,190201,1902.01,331696.02734375,2560.80475744542
460,190202,1902.02,309068.17578125,2447.09419189218
461,190302,1903.02,350684.484375,3472.8328160894
462,190303,1903.03,239103.64453125,1953.18205957352
463,190401,1904.01,244080.1953125,1972.70877308693
464,190402,1904.02,229773.94140625,1924.529052247
465,190510,1905.10,465503.8125,2938.97473587026
466,190520,1905.20,356682.52734375,2435.79377867347
467,190701,1907.01,646966.51171875,3641.664223178
468,190702,1907.02,292395.1484375,2177.25100383875
469,190801,1908.01,473924.5859375,2922.99196211241
470,190802,1908.02,711573.41015625,3409.93145686991
471,190901,1909.01,716603.984375,3425.12879519406
472,190902,1909.02,711912.6328125,3412.67494848786
473,191000,1910.00,948459.2109375,4120.23761969517
474,191110,1911.10,398743.87109375,2764.17806145142
475,191120,1911.20,554988.69921875,3083.84461967682
476,191201,1912.01,836686.9375,3667.20194120524
477,191203,1912.03,299977.48828125,2206.30466673667
478,191204,1912.04,293950.84375,2181.81032205755
479,191301,1913.01,399852.54296875,3144.69245998444
480,191302,1913.02,617631.0234375,3448.18131732242
481,191410,1914.10,455143.4140625,2740.09293296824
482,191420,1914.20,332031.76953125,2435.73663130215
483,191500,1915.00,937459.82421875,3806.01754118739
484,191610,1916.10,610836.74609375,3468.03577315411
485,191620,1916.20,334501.06640625,2587.61611491726
486,191710,1917.10,1035729.65625,4865.24262093162
487,191720,1917.20,386361.03125,2558.92556543488
488,191810,1918.10,590878.65234375,3399.62633316472
489,191820,1918.20,591542.08984375,3401.5550799762
490,191901,1919.01,1130107.5625,4379.50507026189
491,191902,1919.02,1061486.765625,4261.91054237651
492,192001,1920.01,775728.65625,4272.63469239828
493,192002,1920.02,1254436.046875,4719.92014749902
494,192300,1923.00,1285258.59765625,4605.30561900934
495,192410,1924.10,999428.60546875,3999.12803184542
496,192420,1924.20,474802.9921875,2926.21507652174
497,192510,1925.10,497956.59765625,2993.23419096686
498,192520,1925.20,449815.19921875,2878.87407536595
499,192610,1926.10,607082.3828125,3370.03746741416
500,192620,1926.20,355910.84375,2675.50103706065
501,192700,1927.00,776294.3203125,3543.20690388876
502,194101,1941.01,3718641.53125,12497.051754538
503,194102,1941.02,5124376.484375,14117.5011612458
504,194200,1942.00,3806326.640625,10893.0942132409
505,194300,1943.00,3612729.62890625,13007.1111181653
506,194401,1944.01,677942.4609375,3594.37361439923
507,194402,1944.02,860898.1953125,5336.09380223071
508,194500,1945.00,994716.18359375,5480.06449037346
509,195100,1951.00,2771179.17578125,8009.32442648799
510,195201,1952.01,878617.9453125,5084.08017182452
511,195202,1952.02,1283747.8203125,5353.37943599741
512,195300,1953.00,848490.26953125,4077.36527026241
513,195400,1954.00,1506131.90625,6283.82457919739
514,195500,1955.00,1776214.1796875,7364.24329487782
515,195600,1956.00,771006.57421875,4113.23658286367
516,195710,1957.10,706354.37890625,3597.75806501283
517,195720,1957.20,422246.75390625,3077.06159157438
518,195802,1958.02,588176.09765625,3658.33037338923
519,195803,1958.03,551534.0859375,3321.8973324718
520,195804,1958.04,490796.42578125,2841.43850779292
521,195901,1959.01,425170.9765625,3021.038641907
522,195902,1959.02,508190.94921875,3029.68035714455
523,195903,1959.03,347927.3671875,2484.55106031963
524,197200,1972.00,1135911.7109375,5466.58626504507
525,197300,1973.00,956123.484375,5609.81242577302
526,197410,1974.10,2036753.3671875,6831.53359425145
527,197420,1974.20,899653.84765625,4285.29830378784
528,197500,1975.00,935815.3828125,3839.04519755969
529,197600,1976.00,567301.53515625,3836.16180447519
530,197700,1977.00,1025270.53125,5130.600125419
531,199001,1990.01,365099.33984375,2958.20433349757
532,199002,1990.02,1965847.1015625,7672.84921170058
533,199110,1991.10,1318094.39453125,5253.600615939
534,199120,1991.20,1405331.58203125,6067.515805097
535,199201,1992.01,577469.69140625,3291.43323300739
536,199202,1992.02,1394809.90234375,6744.71296537548
537,199300,1993.00,3788006.5390625,11658.1204454884
538,199400,1994.00,1018955.01171875,6243.5555924653
539,199700,1997.00,1417969.48828125,5109.23929325567
540,199801,1998.01,504100.05078125,3482.73796884129
541,199802,1998.02,447423.703125,3264.37782405785
542,199900,1999.00,647181.99609375,3741.01668014877
543,201110,2011.10,1482202.53515625,5965.60978097462
544,201120,2011.20,1154225.703125,5098.76071017545
545,201200,2012.00,644404.3046875,3842.79591963294
546,201301,2013.01,1266066.06640625,7211.37939696958
547,201302,2013.02,1449880.52734375,5531.98270635634
548,201401,2014.01,1911762.375,5706.54464180135
549,201402,2014.02,2836104.6484375,7003.31146754424
550,201501,2015.01,1292282.98828125,5314.11406706783
551,201503,2015.03,642148.140625,3390.80331918969
552,201504,2015.04,538294.49609375,3548.95326076332
553,201601,2016.01,789606.9921875,4100.2172708313
554,201602,2016.02,1557276.40234375,6979.88072862525
555,201700,2017.00,2470872.0234375,7857.14884007564
556,203100,2031.00,960277.97265625,4361.17449000352
557,203200,2032.00,753530.58984375,3760.48477102899
558,203300,2033.00,2179135.03515625,5748.91366557652
559,203500,2035.00,2423951.18359375,6960.94692075913
560,203601,2036.01,481918.80859375,4804.45540428624
561,203602,2036.02,326267.81640625,2713.76411204807
562,203710,2037.10,411923.1796875,2806.91277406647
563,203720,2037.20,468796.64453125,2932.94459267728
564,203800,2038.00,711652,3482.75221410584
565,203900,2039.00,650920.03515625,4491.58520951857
566,204110,2041.10,881506.234375,3758.32608791791
567,204120,2041.20,384514.0078125,2568.47253167198
568,204200,2042.00,439794.2890625,2806.72317790092
569,204300,2043.00,939461.828125,4009.62683548634
570,204410,2044.10,433502.9765625,2801.66627245603
571,204420,2044.20,441049.5703125,2820.81787961034
572,204600,2046.00,850357.15234375,4512.34364349541
573,204700,2047.00,1475838.0703125,4912.48675657688
574,204810,2048.10,1124031.09375,4408.84834118257
575,204820,2048.20,467231.0859375,3071.55465888215
576,204910,2049.10,756507.94921875,3543.55238646714
577,204920,2049.20,1327654.4140625,4710.78034154596
578,205110,2051.10,418812.54296875,3396.38888850216
579,205120,2051.20,2138712.5703125,7384.27610364197
580,206010,2060.10,2101911.56640625,7762.70833205801
581,206020,2060.20,1275889.91015625,4431.09293006659
582,206050,2060.50,2605117.25,9408.8378069558
583,206051,2060.51,5433614.578125,11046.4820145052
584,206052,2060.52,1349891.0234375,4965.84420944483
585,206053,2060.53,858886.62890625,3984.49670873083
586,206054,2060.54,611510.99609375,3440.00539887207
587,206201,2062.01,293271.875,2557.65982557675
588,206202,2062.02,551810.69921875,3562.69817324422
589,206301,2063.01,197767.84765625,1821.09795599911
590,206302,2063.02,67780.86328125,1329.09428228748
591,206303,2063.03,634795.96484375,3913.26273188131
592,207101,2071.01,438488.21875,2844.53946394162
593,207102,2071.02,606241.125,3651.33769370427
594,207103,2071.03,473500.01171875,3545.80626571928
595,207303,2073.03,258464.6875,2053.50246949048
596,207304,2073.04,73474.578125,1274.7716222643
597,207305,2073.05,296114.953125,3044.39108885332
598,207306,2073.06,235656.80078125,2080.4776100528
599,207307,2073.07,71347.55859375,1072.22826957962
600,207308,2073.08,67042.640625,1037.0107351259
601,207400,2074.00,1269816.55078125,5588.74999975567
602,207501,2075.01,196192.01171875,1803.18403123607
603,207502,2075.02,611020.1328125,3371.72754332432
604,207711,2077.11,1013316.45703125,5429.49370226316
605,207712,2077.12,594732.03125,3476.52468647452
606,207901,2079.01,296814.42578125,2528.80352483326
607,207902,2079.02,1021673.78125,4112.77902446234
608,208001,2080.01,841332.8515625,4295.70297417877
609,208002,2080.02,577313.78515625,3508.69087725836
610,208301,2083.01,135783.31640625,1910.01649603955
611,208302,2083.02,642709.37890625,3632.52172657722
612,208401,2084.01,335512.46875,2316.49215871591
613,208402,2084.02,497825.11328125,3176.43217001886
614,208501,2085.01,355344.97265625,2416.65577430659
615,208502,2085.02,381356.41796875,2497.2027678256
616,208610,2086.10,511575.92578125,3048.65962185623
617,208620,2086.20,473854.23828125,3021.34801298605
618,208710,2087.10,248905.05078125,2082.16669752365
619,208720,2087.20,240641.265625,2551.06776423369
620,208801,2088.01,392130.578125,2875.3823452714
621,208802,2088.02,308942.40234375,2837.63196699384
622,208902,2089.02,268817.640625,2084.19125255592
623,208903,2089.03,232667.83203125,2594.57577836761
624,208904,2089.04,163747.859375,1682.05021572061
625,209103,2091.03,181136.4921875,1729.6691886735
626,209104,2091.04,102184.71875,1415.29225862129
627,209105,2091.05,121561.47265625,1478.90031117413
628,209106,2091.06,323679.8359375,2304.49097262462
629,209201,2092.01,245614.109375,2069.31730181432
630,209202,2092.02,354935.484375,2422.16344247879
631,209300,2093.00,447334.3828125,2919.10053209715
632,209401,2094.01,314998.51171875,2346.89516023248
633,209402,2094.02,198965.08203125,1786.62537928753
634,209403,2094.03,201831.85546875,1798.54033711097
635,209510,2095.10,266509.88671875,2139.69652892396
636,209520,2095.20,337599.99609375,2381.99710128263
637,209810,2098.10,218798.9140625,1995.52116714542
638,209820,2098.20,261540.546875,2095.73549911241
639,210010,2100.10,597200.12109375,3280.3524370715
640,211000,2110.00,3881413.38671875,9270.88857667535
641,211121,2111.21,312574.5078125,2799.11722742776
642,211122,2111.22,534121.8203125,3050.48793736303
643,211123,2111.23,251302.1875,2501.03505863453
644,211124,2111.24,577117.69921875,3012.92347748214
645,211201,2112.01,203642.65625,1811.41931260814
646,211202,2112.02,261796.46875,2048.09199438957
647,211310,2113.10,210302.828125,1841.91078893261
648,211320,2113.20,272154.6015625,2090.39214243156
649,211410,2114.10,395662.2578125,2766.19134783046
650,211420,2114.20,556809.32421875,3094.3757829725
651,211500,2115.00,1328208.36328125,4826.37000980946
652,211701,2117.01,951780.1640625,3881.75925917401
653,211703,2117.03,268969.30859375,2098.70261343825
654,211704,2117.04,270170.12890625,2117.09194612506
655,211802,2118.02,475371.57421875,2922.30207784612
656,211803,2118.03,203840.66796875,1811.38480945678
657,211804,2118.04,271673.48046875,2089.37965865065
658,211910,2119.10,201558.296875,1802.0248792881
659,211921,2119.21,135377.76171875,1530.66354310738
660,211922,2119.22,135711.71484375,1531.84050267551
661,212101,2121.01,271382.1328125,2088.52763214084
662,212102,2121.02,202555.109375,1806.45326444775
663,212202,2122.02,301563.44921875,2385.67088080502
664,212203,2122.03,155287.80859375,1659.21594504646
665,212204,2122.04,311396.09765625,2264.84316034017
666,212303,2123.03,227352.4609375,1923.23309702296
667,212304,2123.04,300427.078125,2322.43507121349
668,212305,2123.05,157825.36328125,1605.70793320922
669,212306,2123.06,236501.65625,1958.05230575758
670,212410,2124.10,229603.02734375,2045.04261584984
671,212420,2124.20,209522.87890625,1825.60824899791
672,212501,2125.01,116254.75,1402.05286558259
673,212502,2125.02,416404.8671875,3043.51338594875
674,212610,2126.10,521691.58203125,3083.04133545596
675,212620,2126.20,421546.40234375,2925.47902503248
676,212701,2127.01,685875.25390625,3936.55856777407
677,212702,2127.02,1286263.13671875,4962.0949971477
678,212800,2128.00,1140979.7109375,4322.50571102343
679,212900,2129.00,545607.890625,3296.48936747717
680,213100,2131.00,784280.46875,3870.34727070863
681,213201,2132.01,489163.18359375,3021.11556362191
682,213202,2132.02,493471.20703125,2996.34515098864
683,213310,2133.10,455768.45703125,2884.62128186027
684,213320,2133.20,454820.46484375,2894.00761296345
685,213401,2134.01,286397.6640625,2328.44392557567
686,213402,2134.02,572228.7734375,3058.65736556877
687,214000,2140.00,1478049.9765625,4921.83854779675
688,214100,2141.00,1619401.34375,5207.29045610744
689,214400,2144.00,503053.37890625,2930.31053739997
690,214501,2145.01,1095429.94140625,5452.49497145005
691,214503,2145.03,339391.37890625,2573.30262229967
692,214504,2145.04,195489.515625,2274.74665714226
693,214505,2145.05,181713.69140625,2641.45477179286
694,214600,2146.00,849184.81640625,3724.62244362891
695,214700,2147.00,866815.53515625,3766.21227753535
696,214800,2148.00,839960.55078125,4144.31072030119
697,214902,2149.02,739359.21875,3589.99367660768
698,214903,2149.03,197459.1328125,2057.68708049214
699,214904,2149.04,255882.3203125,2051.34182947861
700,215101,2151.01,518521.3671875,3778.20272801514
701,215102,2151.02,376525.8828125,3017.8856725594
702,216100,2161.00,985936.203125,4123.68648766868
703,216201,2162.01,674644.87890625,3834.42977805367
704,216202,2162.02,733976.17578125,3760.67211636312
705,216301,2163.01,823656.50390625,4190.97119552978
706,216302,2163.02,1035582.81640625,4177.77277760774
707,216401,2164.01,597696.921875,3175.65394727645
708,216402,2164.02,329851.06640625,2335.03743038192
709,216700,2167.00,1136029.515625,4313.94525849465
710,216800,2168.00,1080558.828125,4252.02232151662
711,216901,2169.01,1026814.39453125,4449.73813165117
712,216902,2169.02,571613.78515625,3376.40692945944
713,217001,2170.01,801071.171875,4032.50972353018
714,217002,2170.02,1126406.84765625,4251.06702959116
715,217101,2171.01,578133.39453125,3445.74720705358
716,217102,2171.02,732983.89453125,3500.21212081659
717,217200,2172.00,1342137.1015625,5523.17077356362
718,218110,2181.10,874057.11328125,4697.30746212058
719,218120,2181.20,650066.55859375,3273.97976492914
720,218210,2182.10,567221.3359375,3230.52564651284
721,218220,2182.20,982334.7265625,4301.0011309165
722,218300,2183.00,1315251.30859375,6371.19715970898
723,218400,2184.00,958666.1875,4484.41966932777
724,218500,2185.00,763911.3828125,4066.66951245881
725,218600,2186.00,628675.75,3308.46189749328
726,218701,2187.01,802813.84765625,3932.47471382802
727,218702,2187.02,525038.12109375,3783.84032495308
728,218800,2188.00,600971.21875,3313.69752057361
729,218900,2189.00,1026797.84765625,4234.78145062951
730,219010,2190.10,643464.59375,3450.95460685418
731,219020,2190.20,1060246.08984375,4137.16302374187
732,219300,2193.00,951352.7578125,4139.72862955863
733,219500,2195.00,813720.56640625,3836.15052222917
734,219700,2197.00,1594583.3359375,6112.91107066458
735,219800,2198.00,651201.7265625,3590.50312856128
736,219901,2199.01,766157.8125,3711.57284760887
737,219902,2199.02,1168159.94921875,4891.38311150975
738,220000,2200.00,1418416.48828125,4705.56688976292
739,220100,2201.00,1431497.53125,6236.65245842879
740,221110,2211.10,342022.98828125,2549.32035616448
741,221120,2211.20,463577.85546875,2770.20651787837
742,221210,2212.10,523881.125,3102.61428755624
743,221220,2212.20,962806.89453125,3878.05925278415
744,221302,2213.02,674761.33203125,3746.30681230734
745,221303,2213.03,341635.09765625,2387.90762860316
746,221304,2213.04,331829.1484375,2321.94113396854
747,221401,2214.01,791662.79296875,3543.22007664241
748,221402,2214.02,777154.890625,4726.8840209392
749,221500,2215.00,555786.8828125,3085.30951534395
750,221601,2216.01,539985.0390625,3054.14717659013
751,221602,2216.02,763253.6484375,4414.59950639813
752,221710,2217.10,478795.31640625,2984.46741681665
753,221810,2218.10,444234.47265625,2751.66402785557
754,221820,2218.20,298158.78515625,2150.82180825482
755,221900,2219.00,598454.40234375,3924.59589593738
756,222001,2220.01,692286.43359375,3369.11878938215
757,222002,2220.02,956927.23046875,3991.87690877095
758,222100,2221.00,699042.3515625,3857.14528778743
759,222200,2222.00,703382.77734375,3874.28009780834
760,222500,2225.00,952195.8984375,3905.55510662335
761,222600,2226.00,951429.19140625,3897.86083712041
762,222700,2227.00,1199413.43359375,5017.63820879652
763,224010,2240.10,1212292.5234375,5117.24135486352
764,224020,2240.20,1798816.74609375,5608.30751661776
765,224200,2242.00,537576.00390625,3183.26262455496
766,224310,2243.10,263987.625,2492.25184232964
767,224320,2243.20,424544.62890625,3112.34063562288
768,224410,2244.10,661704.171875,3880.01445380874
769,224420,2244.20,523543.0078125,3304.95002651586
770,224600,2246.00,1049201.5390625,4124.33202214344
771,224701,2247.01,343723.87890625,2791.01612717176
772,224702,2247.02,577325.54296875,3611.35428310352
773,226001,2260.01,1510215.60546875,7019.06088357649
774,226002,2260.02,3749150.46484375,7880.84824359265
775,226410,2264.10,412275.5234375,2623.75704929951
776,226420,2264.20,623069.5,3232.35081109571
777,226701,2267.01,548830.5546875,3380.6478556892
778,226702,2267.02,593347.0234375,4437.68658836051
779,227010,2270.10,845206.7421875,4363.19503798681
780,227020,2270.20,642214.4921875,3374.40722844069
781,228100,2281.00,1463277.39453125,5631.43792659801
782,228210,2282.10,599695.171875,3381.83731973941
783,228220,2282.20,534251.75,3349.53157238978
784,228310,2283.10,797093.96875,4141.37699752818
785,228320,2283.20,491708.98828125,3758.25049958907
786,228410,2284.10,405214.75390625,2616.86486104754
787,228420,2284.20,404693.11328125,2917.97350784184
788,228500,2285.00,654830.69140625,3392.38380650805
789,228600,2286.00,768717.609375,3529.90157488125
790,228710,2287.10,590433.26171875,3410.98550138687
791,228720,2287.20,589504.4765625,3406.48959039405
792,228800,2288.00,1231776.234375,4551.62258307651
793,228900,2289.00,751730.6484375,3552.45968922715
794,229100,2291.00,692658.18359375,3366.82341565702
795,229200,2292.00,650054.953125,3284.75275676892
796,229300,2293.00,733562.1640625,3512.77936404969
797,229410,2294.10,791060.67578125,3572.23592303244
798,229420,2294.20,851924.15234375,3699.57095844017
799,231100,2311.00,1304576.0546875,4756.48567039115
800,231210,2312.10,467919.8046875,2919.28104935109
801,231220,2312.20,1408326.44140625,4849.37080661845
802,231301,2313.01,341339.5390625,2608.95823171052
803,231302,2313.02,617974.359375,3919.67583254679
804,231400,2314.00,906172.796875,3811.29765089179
805,231500,2315.00,1341017.5234375,4709.73185611269
806,231601,2316.01,465952.19921875,2893.65159120589
807,231602,2316.02,459569.76171875,2880.48006158663
808,231603,2316.03,467229.21484375,2898.66150545702
809,231710,2317.10,472367.4375,2925.94676497613
810,231720,2317.20,688948.0703125,3359.2852302559
811,231800,2318.00,759001.5234375,3510.57919801958
812,231901,2319.01,357008.71875,2441.9441504056
813,231902,2319.02,472726.4296875,3660.87400735401
814,232110,2321.10,554324.83203125,3237.88445067503
815,232120,2321.20,761223.09765625,3583.5478174021
816,232200,2322.00,762829.09765625,3996.85670428613
817,232300,2323.00,917084.1953125,4247.32947517935
818,232401,2324.01,830977.5078125,4385.34549992865
819,232402,2324.02,792395.94140625,4146.92049456018
820,232500,2325.00,1119580.125,4400.3361375807
821,232601,2326.01,384813.3984375,2579.56307260598
822,232602,2326.02,775005.08984375,3534.76022933083
823,232701,2327.01,404664.3046875,2634.32089144843
824,232702,2327.02,661707.41796875,3259.94535027582
825,232800,2328.00,622212.39453125,3209.28528134959
826,234001,2340.01,988143.609375,5776.65389889755
827,234002,2340.02,823825.453125,4882.29361472267
828,234200,2342.00,1288334.484375,4797.50692326634
829,234301,2343.01,735251.21875,3472.64746685487
830,234302,2343.02,534394.90234375,3410.75756886878
831,234501,2345.01,1096537.125,4689.26380902562
832,234502,2345.02,794752.77734375,4288.72818861128
833,234600,2346.00,1901470.76171875,6560.59866285965
834,234700,2347.00,1082069.85546875,5453.18449855786
835,234800,2348.00,953823.42578125,3906.51833635402
836,234901,2349.01,474459.8515625,2922.59204050749
837,234902,2349.02,652792.17578125,3666.94153648867
838,235100,2351.00,1722542.20703125,6677.8467399969
839,235201,2352.01,951346.875,3925.15170244462
840,235202,2352.02,1235971.42578125,4865.3825867908
841,236001,2360.01,3212598.14453125,10347.849688731
842,236101,2361.01,923088.328125,4318.63165216472
843,236102,2361.02,722621.16796875,4382.07453046595
844,236203,2362.03,495187.88671875,3987.62462307845
845,236204,2362.04,335412.5703125,2467.56492998145
846,236205,2362.05,243671.7109375,2235.99476956851
847,236206,2362.06,401215.55078125,3582.39190422027
848,236400,2364.00,1912900.3359375,7122.96483354946
849,237101,2371.01,917090.45703125,3809.99974225592
850,237102,2371.02,670697.19921875,3318.18173208261
851,237201,2372.01,661134.6484375,3272.24471665765
852,237202,2372.02,1616380.4140625,5294.12801246668
853,237300,2373.00,1454537.82421875,4951.3835097294
854,237401,2374.01,752438.3125,3520.0078677356
855,237402,2374.02,759904.98046875,3543.17117322744
856,237500,2375.00,491789.90234375,3036.91045924085
857,237600,2376.00,734411.46484375,3486.43080766766
858,237710,2377.10,630139.55859375,3455.24453785932
859,237720,2377.20,474044.57421875,3209.09172203499
860,237800,2378.00,1417985.3671875,4834.48785851348
861,237900,2379.00,1427298.77734375,4878.99794499628
862,238000,2380.00,2423519.56640625,7777.86316624089
863,238100,2381.00,1431809.14453125,4876.73985333141
864,238200,2382.00,1496133.75,5106.20590453825
865,238310,2383.10,578723.26171875,3421.29558971584
866,238320,2383.20,682449.328125,3558.580618745
867,238400,2384.00,1894110.8671875,5844.16754074766
868,239201,2392.01,655978.81640625,3272.55098813874
869,239202,2392.02,1860057.515625,5836.34624073838
870,239310,2393.10,779773.08203125,3563.57401746379
871,239320,2393.20,506002.7265625,3050.66295417292
872,239330,2393.30,1428052.70703125,4944.07524870571
873,239501,2395.01,691273.359375,3887.25730793694
874,239502,2395.02,744712.015625,3977.58205333276
875,239601,2396.01,615575.125,3527.48040974698
876,239602,2396.02,521950.6640625,3409.40526778213
877,239701,2397.01,597118.734375,3488.44556968532
878,239702,2397.02,708671.48828125,3699.93874085339
879,239801,2398.01,540380.20703125,3660.289692411
880,239802,2398.02,888187.1640625,4135.74343741782
881,240010,2400.10,857393.3515625,4487.63589910621
882,240020,2400.20,1048827.35546875,4722.73434970504
883,240200,2402.00,1088218.359375,4154.14135443469
884,240301,2403.01,683278.97265625,3394.68423712259
885,240302,2403.02,502160.5859375,2965.28941545747
886,240401,2404.01,1009717.2734375,4161.02662192997
887,240402,2404.02,875945.2578125,4091.1750343531
888,240500,2405.00,1183721.8125,4513.5410938085
889,240600,2406.00,984619.8828125,4157.16816530415
890,240700,2407.00,1739605.7890625,5505.559387206
891,240800,2408.00,929960.09375,4973.41746549734
892,240901,2409.01,511439.41796875,4088.53654899702
893,240902,2409.02,1047514.68359375,4709.86644298648
894,241001,2410.01,1319573.34375,6655.22096094735
895,241002,2410.02,1029670.78515625,4781.9773415972
896,241110,2411.10,708776.55078125,3877.83363118307
897,241120,2411.20,966661.34375,4271.31983166208
898,241201,2412.01,707760.13671875,3741.27863155435
899,241202,2412.02,1694111.33203125,5162.08307076603
900,241300,2413.00,760288.7109375,3659.75126925032
901,241400,2414.00,834078.9140625,4024.68593601255
902,242000,2420.00,935055.34765625,3899.51515815946
903,242100,2421.00,669566.93359375,3328.63704069559
904,242201,2422.01,596805.88671875,3115.4810250558
905,242202,2422.02,587991.5859375,4160.42961808397
906,242300,2423.00,917884.73828125,4236.998843049
907,242600,2426.00,693217.54296875,3366.29902108978
908,242700,2427.00,1478633.69140625,5289.05032061994
909,243001,2430.01,504827.56640625,3029.74672832644
910,243002,2430.02,570630.3359375,3213.14416445176
911,243100,2431.00,853472.18359375,3885.09691493161
912,261102,2611.02,11566900.3007813,20961.629226576
913,261103,2611.03,3042442.1953125,10259.2400129108
914,261104,2611.04,6111391.84765625,18578.5186994193
915,261200,2612.00,11101033.9257813,21982.8211815502
916,262100,2621.00,12821949.6875,25930.1731556157
917,262200,2622.00,12528138.9648438,19270.8346677587
918,262301,2623.01,19091957.8398438,27479.6589105501
919,262302,2623.02,4476449.83984375,11955.6366566965
920,262303,2623.03,3819228.671875,10774.0053879812
921,262400,2624.00,16472348.3125,27700.9198870076
922,262501,2625.01,2392622.11328125,7341.45397728731
923,262601,2626.01,5289912.55078125,13057.9516158008
924,264000,2640.00,2725066.97265625,8448.91727262156
925,264102,2641.02,579108.953125,3778.40875824527
926,264103,2641.03,336682.3125,2713.5992720985
927,264303,2643.03,316110.75,2476.44162217277
928,264304,2643.04,297489.5703125,2672.10282184132
929,264305,2643.05,1926187.5703125,7158.18739661329
930,264306,2643.06,520751.3515625,3348.2374368402
931,265100,2651.00,3450357.73046875,8993.69031695209
932,265201,2652.01,641080.03515625,4383.55527449736
933,265203,2652.03,452895.76171875,3124.23361214697
934,265204,2652.04,387501.46875,2768.81484739153
935,265301,2653.01,2331577.30078125,7553.29744521771
936,265303,2653.03,216214.44921875,2120.80500483767
937,265304,2653.04,191360.609375,2170.44858864381
938,265306,2653.06,136222.05078125,1702.1456402928
939,265307,2653.07,317810.9140625,2890.31948838051
940,265410,2654.10,1037953.73046875,5920.9779307295
941,265420,2654.20,1067589.80859375,4547.22425769553
942,265521,2655.21,191319.47265625,2060.06589898076
943,265522,2655.22,368757.57421875,2903.70911660441
944,265523,2655.23,494312.60546875,2816.30902177421
945,265524,2655.24,626103.1171875,3290.31698441447
946,265601,2656.01,910066.69140625,4223.45462774091
947,265602,2656.02,490651.9921875,3417.56847807581
948,265701,2657.01,1252920.515625,5736.89696093639
949,265702,2657.02,548375.4453125,3233.19518904668
950,267101,2671.01,707397.05078125,3454.05655299257
951,267102,2671.02,904858.9609375,3944.32242090499
952,267201,2672.01,875879.78125,3900.03246809067
953,267202,2672.02,840966.32421875,3759.57436943208
954,267300,2673.00,628315.25390625,3195.63775669997
955,267403,2674.03,342013.625,2896.37497684854
956,267404,2674.04,415344.58984375,2715.63076997844
957,267405,2674.05,311991.89453125,2257.66171956228
958,267406,2674.06,314151.80078125,2327.81184614937
959,267502,2675.02,634646.171875,3286.98167192978
960,267503,2675.03,288439.609375,2255.78969831204
961,267504,2675.04,374205.671875,2555.52695096587
962,267600,2676.00,1857264.8359375,5598.27080080796
963,267700,2677.00,1189365.84375,4490.08387455881
964,267800,2678.00,1680715.71875,5482.75401518271
965,267901,2679.01,1627679.71484375,5609.02234247838
966,267902,2679.02,1136183.97265625,4736.91657801309
967,269000,2690.00,3350207.2109375,11104.1059512122
968,269100,2691.00,1225695.12109375,4589.59740787727
969,269300,2693.00,3224513.953125,7491.1706199237
970,269500,2695.00,2021109.6796875,6652.63002065552
971,269601,2696.01,487160.85546875,2790.68113849867
972,269602,2696.02,424298.26171875,2699.34373768886
973,269700,2697.00,1310395.5234375,5437.78877145698
974,269800,2698.00,681820.91015625,4429.55263967088
975,269903,2699.03,407710.38671875,2815.59169197506
976,269905,2699.05,342130.65625,3017.29129240898
977,269906,2699.06,303566.5078125,2748.00057832493
978,269907,2699.07,404009.3046875,2807.8141767145
979,269908,2699.08,244421.3515625,2431.22725393201
980,269909,2699.09,247971.30859375,2199.1080084628
981,270101,2701.01,546356.9765625,4434.87280314857
982,270102,2701.02,286531.75390625,2807.89375783165
983,270200,2702.00,1115532.203125,5270.46594430603
984,270300,2703.00,1425742.75390625,5033.91563032617
985,271100,2711.00,1174224.30859375,5205.34347503144
986,271200,2712.00,765281.69921875,5029.61941226035
987,271300,2713.00,2142775.9765625,7114.74696545098
988,271400,2714.00,1676419.65625,5340.37644821229
989,271500,2715.00,1327984.63671875,4809.00848647559
990,271600,2716.00,1321391.5859375,4629.30196521159
991,271702,2717.02,1031168.7421875,4908.23160120629
992,271703,2717.03,661619.3046875,4506.18764792336
993,271704,2717.04,793658.86328125,4369.30317934397
994,271801,2718.01,695220.3515625,3527.00568986223
995,271803,2718.03,328706.76953125,2334.94334500325
996,271804,2718.04,507444.015625,3714.75103966931
997,271901,2719.01,956350.35546875,3940.50913721261
998,271902,2719.02,1348382.4921875,4694.01017311075
999,272100,2721.00,1749493.48046875,5454.44709965783
1000,272201,2722.01,366834.73828125,2423.41002158651
1001,272202,2722.02,449814.76171875,3206.89999172385
1002,272301,2723.01,876592.77734375,4664.67138541537
1003,272302,2723.02,731644.19921875,3900.94517247677
1004,273100,2731.00,1712116.72265625,5714.97901977509
1005,273200,2732.00,936272.125,4236.80844680882
1006,273300,2733.00,834614.34375,4132.02368068777
1007,273404,2734.04,315406.91796875,2705.42259114513
1008,273600,2736.00,858493.87890625,3961.88462277457
1009,273700,2737.00,1006933.5859375,4050.92913361373
1010,273800,2738.00,1080729.27734375,6075.85662728028
1011,274100,2741.00,915825.36328125,5262.67505333916
1012,275101,2751.01,501695.4921875,3776.34576270606
1013,275102,2751.02,909005.19921875,4507.60933529957
1014,275200,2752.00,676849.0390625,3874.39152430395
1015,275311,2753.11,1884019.7578125,6319.39041187017
1016,275312,2753.12,1187339.17578125,5287.84465119312
1017,275313,2753.13,1425318.20703125,5888.13847552278
1018,275400,2754.00,1095155.72265625,4811.8810764137
1019,275500,2755.00,1148837.72265625,4330.91932438434
1020,275603,2756.03,1484012.61328125,6230.22790519026
1021,275604,2756.04,2260240.484375,9393.55640463548
1022,275605,2756.05,1341393.58984375,6913.6507113292
1023,276000,2760.00,3408459.625,8327.0926027985
1024,276101,2761.01,455594.79296875,3790.94740691103
1025,276102,2761.02,954215.8671875,7580.35700149022
1026,276400,2764.00,1859734.51171875,5967.60952696422
1027,276500,2765.00,1737284.2734375,5657.42224351242
1028,276601,2766.01,3264240.80859375,8565.59837103404
1029,276605,2766.05,346506.71875,3019.93700659571
1030,276606,2766.06,316031.02734375,2700.49389005235
1031,276607,2766.07,696644.2109375,4184.86606684667
1032,276608,2766.08,524999.28125,3181.744447482
1033,277000,2770.00,3351052.3125,8047.70724256732
1034,277100,2771.00,1798596.33203125,5635.02122493598
1035,277200,2772.00,1513229.25,5593.69417614093
1036,277400,2774.00,909373.67578125,3795.29523470258
1037,278001,2780.01,2353039.7421875,9316.92671034588
1038,291110,2911.10,1035666.13671875,4264.9735303733
1039,291120,2911.20,1021080.78515625,4042.98031695146
1040,291130,2911.30,1879396.66796875,5828.74322326713
1041,291210,2912.10,1807639.34375,5773.84605292541
1042,291220,2912.20,1190213.21875,4530.615291177
1043,291300,2913.00,3492558.70703125,11609.6832099723
1044,292001,2920.01,4756436.6875,14185.4313576593
1045,292002,2920.02,680193.125,3404.30993771377
1046,293203,2932.03,675319.765625,3542.14407783001
1047,293204,2932.04,877996.87109375,4932.5736112813
1048,293205,2932.05,921501.6875,4199.23569427531
1049,293206,2932.06,604243.3046875,3361.944958571
1050,293301,2933.01,1211071.87890625,5236.75514699195
1051,293302,2933.02,1625049.90234375,5641.15474087129
1052,293304,2933.04,826696.52734375,3646.51611406962
1053,293306,2933.06,883774.7265625,4189.16775975112
1054,293307,2933.07,491413.5703125,3357.89772021506
1055,294110,2941.10,1422579.08203125,6128.59253173442
1056,294120,2941.20,2261069.31640625,6276.15696307632
1057,294200,2942.00,1383094.49609375,4727.24695305362
1058,294301,2943.01,1028694.07421875,4274.31107726393
1059,294302,2943.02,1219598.515625,5376.52544456079
1060,294410,2944.10,1193381.875,4597.89075935094
1061,294421,2944.21,972743.609375,6030.65156333905
1062,294510,2945.10,752172.20703125,3615.62701093727
1063,294520,2945.20,702609.15234375,3500.58906864
1064,294610,2946.10,1195716.90625,4389.41189029189
1065,294620,2946.20,1221541.83203125,4656.65140113123
1066,294701,2947.01,2545212.984375,7285.65432277822
1067,294810,2948.10,465056.81640625,2779.33165440617
1068,294820,2948.20,556517.72265625,3012.53086014146
1069,294830,2948.30,1285385.83984375,5025.82536292544
1070,294900,2949.00,935257.3046875,5004.03286853222
1071,295103,2951.03,2985339.3046875,9372.99558084546
1072,296210,2962.10,811358.34375,3525.03008532012
1073,296220,2962.20,777677.00390625,3522.06527982628
1074,296300,2963.00,1540115.51171875,6230.86311722498
1075,296401,2964.01,1432370.07421875,5219.95024803579
1076,296402,2964.02,1495229.98828125,6249.73687773038
1077,296500,2965.00,1316610.17578125,5097.98610804627
1078,296600,2966.00,1220702.3984375,4504.14747027597
1079,296901,2969.01,894839.07421875,4162.41708407934
1080,296902,2969.02,710212.453125,4403.76034124739
1081,297001,2970.01,990237.7109375,5462.03360357854
1082,297002,2970.02,1103892.65625,4558.85622059483
1083,297110,2971.10,706694.7890625,3362.74918519299
1084,297120,2971.20,617478.61328125,3706.32838023906
1085,297201,2972.01,585484.3984375,3038.63517449108
1086,297202,2972.02,834517.47265625,3663.8504113378
1087,297502,2975.02,1393722.37109375,6451.27476612082
1088,297602,2976.02,901419.7890625,4520.89718791406
1089,300301,3003.01,86.0546875,5395.49456498429
1090,300400,3004.00,13.375,623.714938290958
1091,300701,3007.01,0.27734375,121.987862604215
1092,300902,3009.02,43.05859375,3451.28636591984
1093,301000,3010.00,22.64453125,573.061588895348
1094,301601,3016.01,1090.65234375,1082.89696186541
1095,301602,3016.02,2160.9765625,2105.3194400334
1096,301702,3017.02,22053.9296875,1385.54377523861
1097,302102,3021.02,1855.55859375,4344.01937699765
1098,302104,3021.04,4.7734375,383.422133501214
1099,302401,3024.01,11.95703125,1553.908347975
1100,302505,3025.05,53.9921875,2224.24552195892
1101,302506,3025.06,163.7578125,3295.29022430541
1102,310100,3101.00,106.234375,3714.07527824074
1103,310400,3104.00,16.5234375,1009.61059705578
1104,311100,3111.00,2763.14453125,2873.52674745968
1105,311200,3112.00,3288.57421875,2541.61627109414
1106,311400,3114.00,2227.33984375,1711.07687745526
1107,311601,3116.01,153.515625,3476.98362773535
1108,311602,3116.02,97.05859375,2511.77584926795
1109,311700,3117.00,147.33984375,3488.67330600418
1110,311801,3118.01,8.43359375,602.34483615007
1111,320101,3201.01,62.11328125,1801.61533585649
1112,320102,3201.02,8846.21875,3978.55058028463
1113,320201,3202.01,316.171875,2041.6761430143
1114,320202,3202.02,306.68359375,3154.55525740893
1115,320300,3203.00,14613.1640625,8115.59174173595
1116,460800,4608.00,433.1328125,1109.31387446976
1117,463800,4638.00,2570.0625,6123.04833762145
1118,463900,4639.00,0.546875,11.3851235979289
1119,480602,4806.02,41.34765625,1225.97690082904
1120,480702,4807.02,95.02734375,4427.04733345184
1121,480802,4808.02,807.57421875,1378.88349124285
1122,480803,4808.03,46.3828125,398.666853962001
1123,480804,4808.04,51.8203125,172.515374186047
1124,481901,4819.01,301.2421875,711.507938324591
1125,482001,4820.01,28.19140625,849.08905177248
1126,530700,5307.00,108.05859375,3259.94731460792
1127,530801,5308.01,3.23046875,369.295397228833
1128,530901,5309.01,2967.37890625,992.768368796998
1129,531101,5311.01,1335.484375,2477.49510803702
1130,531201,5312.01,4.2734375,381.547472904786
1131,531202,5312.02,21.01953125,769.664857737318
1132,531301,5313.01,11.95703125,881.120880464286
1133,531302,5313.02,23.0625,822.599476167093
1134,532302,5323.02,26.5234375,534.444944789346
1135,532607,5326.07,0.35546875,36.7201636585105
1136,532700,5327.00,0.05078125,37.1420630948743
1137,532800,5328.00,12056.75,1881.99257268603
1138,532900,5329.00,17003.9140625,2346.95334249653
1139,535001,5350.01,13275.9375,1839.43953280254
1140,535101,5351.01,15493.5625,2221.23343126595
1141,535102,5351.02,0.19140625,8.58591124408927
1142,535200,5352.00,10321.4453125,6249.6839233624
1143,535400,5354.00,15829.36328125,4632.87939392141
1144,535606,5356.06,532.2734375,482.170971953667
1145,535607,5356.07,1707.96875,993.964851661707
1146,540300,5403.00,4134.95703125,946.17981524564
1147,540400,5404.00,8429.1328125,2309.30880207435
1148,540501,5405.01,65.515625,35.5424912419164
1149,540600,5406.00,10740.9609375,1971.41993866226
1150,540700,5407.00,15415.62109375,3647.24187431996
1151,540901,5409.01,55.25390625,2362.45402642366
1152,540902,5409.02,87.74609375,1993.47655964302
1153,541003,5410.03,47922.671875,9953.03697217473
1154,543400,5434.00,7105.3828125,899.339097224152
1155,543501,5435.01,10113.390625,2019.08547798147
1156,543502,5435.02,17030.23828125,2905.57005085875
1157,543503,5435.03,18011.42578125,2990.05244745092
1158,543603,5436.03,3908.671875,1701.57142928341
1159,543605,5436.05,40.30078125,1489.75020608571
1160,543606,5436.06,3133.14453125,748.455023861146
1161,543703,5437.03,1797.78125,2052.45215505016
1162,543905,5439.05,16.1640625,601.88237376799
1163,544002,5440.02,17.8671875,1328.5258280697
1164,572301,5723.01,514.47265625,3175.10589112126
1165,572600,5726.00,15.94140625,998.879298017896
1166,578000,5780.00,183.1484375,2483.30489956631
1167,600100,6001.00,502.109375,3439.46968714515
1168,600201,6002.01,624.61328125,2361.97567829248
1169,600202,6002.02,51.44921875,2487.6806231264
1170,600302,6003.02,5.33203125,485.708051877298
1171,600304,6003.04,3891.62890625,1958.91886527914
1172,600400,6004.00,20.2265625,2308.12446315806
1173,600702,6007.02,1792.20703125,1950.31764863882
1174,600704,6007.04,916.12890625,1103.96518063904
1175,600801,6008.01,14644.5546875,1902.22977001045
1176,600802,6008.02,2400.80859375,2670.95455084999
1177,600911,6009.11,39.359375,1122.8907357287
1178,600912,6009.12,13947.25390625,3138.45276706645
1179,601301,6013.01,3979.265625,1355.2877284994
1180,601302,6013.02,882.00390625,1164.78746758409
1181,601401,6014.01,12.3984375,640.463821234565
1182,601502,6015.02,0.55078125,134.381173171565
1183,601600,6016.00,4.78125,821.400228254276
1184,602201,6022.01,181.421875,644.532939517273
1185,602202,6022.02,82.55078125,462.510355314919
1186,602801,6028.01,12961.640625,1977.61160487704
1187,602802,6028.02,1795.21484375,1960.03643916671
1188,602900,6029.00,125.2109375,567.886769193213
1189,603008,6030.08,0.49609375,210.123376731067
1190,603101,6031.01,132.1640625,1371.98444436251
1191,603102,6031.02,191.30859375,719.336553148006
1192,603200,6032.00,5760.7265625,4601.78606247355
1193,609900,6099.00,10750.796875,3741.80464465693
1194,620001,6200.01,37081.96484375,3454.55121268144
1195,620101,6201.01,40543.078125,4424.30069464492
1196,620102,6201.02,8.84765625,676.648357677589
1197,650101,6501.01,8426.5078125,1559.53473382575
1198,650200,6502.00,2373.6015625,453.397828023476
1199,650901,6509.01,5342.2265625,2828.05832693563
1200,651001,6510.01,3155.52734375,937.762791983554
1201,670001,6700.01,0.09375,50.5674818616125
1202,670002,6700.02,110.70703125,2046.99104743066
1203,670101,6701.01,94.18359375,2522.51590096829
1204,670701,6707.01,5286.46484375,5925.87692188845
1205,670702,6707.02,902.3515625,5443.62662671505
1206,700102,7001.02,1803,3256.24583086006
1207,700200,7002.00,205.75390625,2210.46224391449
1208,700300,7003.00,1836.90625,2937.96578911601
1209,700400,7004.00,244.08984375,5316.75746518979
1210,700501,7005.01,1656.76953125,2459.91883263486
1211,700502,7005.02,145.75,1431.60191370895
1212,700600,7006.00,1756.4765625,10903.0360546697
1213,700700,7007.00,4456.26953125,8276.09911807252
1214,700802,7008.02,2020.8515625,1351.93646368514
1215,700901,7009.01,57.46484375,3243.1375214618
1216,700902,7009.02,73.36328125,1344.2838704394
1217,701000,7010.00,479.52734375,2682.13238919103
1218,701201,7012.01,22.89453125,2249.6742748461
1219,701601,7016.01,1227.70703125,877.205312647664
1220,701602,7016.02,5589.59375,1034.31002544318
1221,701701,7017.01,5574.40625,1031.63922527067
1222,701801,7018.01,9771.203125,2563.43406473623
1223,702202,7022.02,310.02734375,366.616959438253
1224,702300,7023.00,52.3125,2266.89095207366
1225,702400,7024.00,3632.6875,5429.8052326484
1226,702501,7025.01,2.27734375,306.979132187592
1227,702502,7025.02,79792.43359375,3817.29963473101
1228,702600,7026.00,14507.98828125,3239.29141825762
1229,702700,7027.00,1380.34375,1575.59370086555
1230,702801,7028.01,1974.6484375,544.505224234891
1231,702802,7028.02,20222.56640625,3965.71717536574
1232,702803,7028.03,30610.2109375,12302.6807286596
1233,702900,7029.00,25247.12109375,7544.77753156011
1234,703002,7030.02,1538.57421875,2363.78784842858
1235,703003,7030.03,914.71875,2783.86863294718
1236,703100,7031.00,367.33984375,2115.59087946962
1237,703200,7032.00,5029.48828125,4477.12852243221
1238,800101,8001.01,62.046875,3746.80313289513
1239,800103,8001.03,165.6484375,4687.33994694627
1240,800104,8001.04,707.3359375,12504.3404792188
1241,800204,8002.04,44.16796875,2961.44797207432
1242,800206,8002.06,240.89453125,3688.1128643082
1243,920303,9203.03,76065.4921875,27791.8648259444
1244,920312,9203.12,27.6484375,858.393540406442
1245,920326,9203.26,192.84375,6332.31695246662
1246,930400,9304.00,13096.62890625,69293.1381327414
1247,980001,9800.01,24809.859375,4525.8121260295
1248,980002,9800.02,3375.27734375,7267.76967650385
1249,980005,9800.05,11039.16015625,2950.32290072687
1250,980008,9800.08,4938943.05078125,12490.8585011482
1251,980009,9800.09,31105816.1523438,29906.073867913
1252,980010,9800.10,5602460.05859375,13484.4506030841
1253,980011,9800.11,6.3046875,622.406648204062
1254,980013,9800.13,1757.80078125,2548.17147289091
1255,980015,9800.15,7849451.0234375,13147.6537415809
1256,980016,9800.16,16958.09765625,11488.349444321
1257,980017,9800.17,82720.78125,14734.2001292327
1258,980019,9800.19,64670099.5351563,57421.2954197637
1259,980020,9800.20,12510991.9570313,22316.5675693807
1260,980021,9800.21,10195012.890625,18963.3197323482
1261,980022,9800.22,9477491.16015625,15389.2506643834
1262,980023,9800.23,7655657.54296875,14698.0467946814
1263,980024,9800.24,12137988.8007813,17050.6761784496
1264,980026,9800.26,20396394.7304688,37922.2157709696
1265,980037,9800.37,10.54296875,620.697785418067
1266,980038,9800.38,45180.48828125,5366.17507704725
1267,980039,9800.39,63001.7578125,8884.91413572676
1268,262604,2626.04,8269520.5234375,19374.6998066822
1269,262704,2627.04,2859342.53515625,9453.7782608891
1270,262706,2627.06,3392091.015625,8208.36355802219
1271,262802,2628.02,4852995.99609375,14225.009650327
1272,273403,2734.03,598118.62890625,4134.75702002021
1273,273502,2735.02,844016.796875,3951.53435298995
1274,273902,2739.02,1307397.65234375,5047.12542534003
1275,274202,2742.02,1662818.828125,7940.16317524071
1276,278102,2781.02,2538838.65625,10768.8328378225
1277,297300,2973.00,1750836.8203125,6911.49736882055
1278,297400,2974.00,3009331.80859375,7651.5912194403
1279,297501,2975.01,1574885.5859375,8093.76309555821
1280,297601,2976.01,1109280.875,7106.14806208169
1281,670604,6706.04,2.9296875,712.414002958226
1282,701304,7013.04,135.0078125,1332.13689629682
1283,702102,7021.02,6073.515625,3082.20524749355
1284,800506,8005.06,372.02734375,7282.22144581026
1285,980014,9800.14,10812214.4882813,24986.2800406043
1286,980028,9800.28,24988788.6992188,30565.1586125936
1287,980030,9800.30,11.94140625,852.567924250147
1288,980031,9800.31,37527333.0429688,30638.5418668255
1289,980033,9800.33,156.125,9015.31715383927
